,child_name,same_num_trials,annotator,manual_trial_onset,manual_trial_offset,manual_trial_ordinal,trial_length,lookit_onset,lookit_offset,lookit_trial_length,lookit_trial_length_diff,lookit_onset_diff,lookit_offset_diff
0,W7ZXCP,True,AW,6732.0,38081.0,2.0,31349.0,5419.000000000001,35198.0,29779.0,-1570.0,-1312.999999999999,-2883.0
1,W7ZXCP,True,AW,38082.0,85502.0,3.0,47420.0,37996.0,81859.00000000001,43863.000000000015,-3556.9999999999854,-86.0,-3642.9999999999854
2,W7ZXCP,True,AW,90387.0,128897.0,5.0,38510.0,87112.00000000001,125051.0,37938.999999999985,-571.0000000000146,-3274.9999999999854,-3846.0
3,W7ZXCP,True,AW,128898.0,180542.0,6.0,51644.0,127603.00000000001,172652.00000000003,45049.000000000015,-6594.999999999985,-1294.9999999999854,-7889.999999999971
4,W7ZXCP,True,AW,185328.0,217304.0,8.0,31976.0,182233.0,213227.0,30994.0,-982.0,-3095.0,-4077.0
5,W7ZXCP,True,AW,217305.0,264461.0,9.0,47156.0,215791.00000000003,260849.0,45057.99999999997,-2098.000000000029,-1513.999999999971,-3612.0
6,W7ZXCP,True,AW,269016.0,303236.0,11.0,34220.0,265988.0,298459.0,32471.0,-1749.0,-3028.0,-4777.0
7,W7ZXCP,True,AW,303237.0,350558.0,12.0,47321.0,301390.00000000006,346447.0,45056.99999999994,-2264.000000000058,-1846.9999999999418,-4111.0
0,QG2TTS,True,GS,5304.0,51612.0,0.0,46308.0,5236.000000000001,50296.00000000001,45060.00000000001,-1247.9999999999927,-67.99999999999909,-1315.9999999999927
1,QG2TTS,True,GS,55964.0,101456.0,1.0,45492.0,55123.00000000001,100190.00000000001,45067.00000000001,-424.9999999999927,-840.9999999999927,-1265.9999999999854
2,QG2TTS,True,GS,105468.0,140556.0,2.0,35088.0,105057.0,139168.0,34111.0,-977.0,-411.0,-1388.0
3,QG2TTS,True,GS,144296.0,176936.0,3.0,32640.0,144007.0,175696.0,31689.0,-951.0,-289.0,-1240.0
4,QG2TTS,True,GS,180846.0,202198.0,4.0,21352.0,180586.0,201174.0,20588.0,-764.0,-260.0,-1024.0
5,QG2TTS,True,GS,206040.0,246058.0,5.0,40018.0,205873.00000000003,245074.0,39200.99999999997,-817.0000000000291,-166.9999999999709,-984.0
6,QG2TTS,True,GS,250104.0,279100.0,6.0,28996.0,249935.0,278241.00000000006,28306.00000000006,-689.9999999999418,-169.0,-858.9999999999418
7,QG2TTS,True,GS,283050.0,311100.0,7.0,28050.0,283087.00000000006,309869.0,26781.99999999994,-1268.0000000000582,37.00000000005821,-1231.0
8,QG2TTS,True,GS,313684.0,323884.0,8.0,10200.0,312347.00000000006,322853.0,10505.999999999942,305.9999999999418,-1336.9999999999418,-1031.0
9,QG2TTS,True,GS,325992.0,334390.0,9.0,8398.0,325259.0,333465.00000000006,8206.000000000058,-191.9999999999418,-733.0,-924.9999999999418
10,QG2TTS,True,GS,335614.0,346120.0,10.0,10506.0,335626.00000000006,345249.0,9622.999999999942,-883.0000000000582,12.000000000058208,-871.0
11,QG2TTS,True,GS,347548.0,364888.0,11.0,17340.0,347383.00000000006,364169.00000000006,16786.0,-554.0,-164.9999999999418,-718.9999999999418
12,QG2TTS,True,GS,380766.0,387124.0,12.0,6358.0,379303.0,386157.00000000006,6854.000000000058,496.0000000000582,-1463.0,-966.9999999999418
13,QG2TTS,True,GS,388586.0,399801.0,13.0,11215.0,388360.0,399660.0,11300.0,85.0,-226.0,-141.0
0,BMYAFZ,True,GS,8976.0,50447.0,0.0,41471.0,5348.000000000001,47297.00000000001,41949.00000000001,478.0000000000073,-3627.999999999999,-3149.9999999999927
1,BMYAFZ,True,GS,56463.0,95931.0,1.0,39468.0,51949.00000000001,92382.0,40432.99999999999,964.9999999999927,-4513.999999999993,-3549.0
2,BMYAFZ,True,GS,100650.0,127644.0,2.0,26994.0,97315.00000000001,125148.00000000001,27833.0,839.0,-3334.9999999999854,-2495.9999999999854
3,BMYAFZ,True,GS,133650.0,157674.0,3.0,24024.0,129810.0,155088.00000000003,25278.00000000003,1254.000000000029,-3840.0,-2585.999999999971
4,BMYAFZ,True,GS,163614.0,188364.0,4.0,24750.0,160030.0,185801.00000000003,25771.00000000003,1021.0000000000291,-3584.0,-2562.999999999971
5,BMYAFZ,True,GS,194667.0,206547.0,5.0,11880.0,190431.0,204187.0,13756.0,1876.0,-4236.0,-2360.0
6,BMYAFZ,True,GS,210870.0,223674.0,6.0,12804.0,208830.0,220652.00000000003,11822.00000000003,-981.9999999999709,-2040.0,-3021.999999999971
7,BMYAFZ,True,GS,225885.0,234498.0,7.0,8613.0,223279.00000000003,232636.00000000003,9357.0,744.0,-2605.999999999971,-1861.999999999971
8,BMYAFZ,True,GS,237369.0,250371.0,8.0,13002.0,235185.0,246302.00000000003,11117.00000000003,-1884.999999999971,-2184.0,-4068.999999999971
9,BMYAFZ,True,GS,260898.0,276606.0,9.0,15708.0,258571.00000000003,273741.00000000006,15170.00000000003,-537.9999999999709,-2326.999999999971,-2864.999999999942
10,BMYAFZ,True,GS,278157.0,285981.0,10.0,7824.0,275709.0,285971.0,10262.0,2438.0,-2448.0,-10.0
0,cZM66C,True,GS,6625.0,52750.0,0.0,46125.0,6936.000000000001,52279.0,45343.0,-782.0,311.0000000000009,-471.0
1,cZM66C,True,GS,58000.0,103875.0,1.0,45875.0,57551.0,102819.0,45268.0,-607.0,-449.0,-1056.0
2,cZM66C,True,GS,108375.0,146375.0,2.0,38000.0,108274.0,145652.00000000003,37378.00000000003,-621.9999999999709,-101.0,-722.9999999999709
3,cZM66C,True,GS,151250.0,189250.0,3.0,38000.0,150892.0,188248.00000000003,37356.00000000003,-643.9999999999709,-358.0,-1001.9999999999709
4,cZM66C,True,GS,194250.0,231375.0,4.0,37125.0,194291.00000000003,230867.00000000003,36576.0,-549.0,41.000000000029104,-507.9999999999709
5,cZM66C,True,GS,236375.0,248625.0,5.0,12250.0,235967.0,247618.00000000003,11651.00000000003,-598.9999999999709,-408.0,-1006.9999999999709
6,cZM66C,True,GS,253000.0,268000.0,6.0,15000.0,252692.0,266972.00000000006,14280.000000000058,-719.9999999999418,-308.0,-1027.9999999999418
7,cZM66C,True,GS,269750.0,284375.0,7.0,14625.0,271360.0,283261.0,11901.0,-2724.0,1610.0,-1114.0
8,cZM66C,True,GS,285500.0,315500.0,8.0,30000.0,286067.0,315173.0,29106.0,-894.0,567.0,-327.0
9,cZM66C,True,GS,335000.0,347000.0,9.0,12000.0,335182.0,346564.0,11382.0,-618.0,182.0,-436.0
10,cZM66C,True,GS,349125.0,358817.0,10.0,9692.0,349140.00000000006,359229.00000000006,10089.0,397.0,15.000000000058208,412.0000000000582
0,RKN6KW,True,AW,5412.0,39071.0,2.0,33659.0,6183.000000000001,37195.0,31012.0,-2647.0,771.0000000000009,-1876.0
1,RKN6KW,True,AW,39072.0,87977.0,3.0,48905.0,41486.00000000001,86555.0,45068.99999999999,-3836.0000000000073,2414.0000000000073,-1422.0
2,RKN6KW,True,AW,91542.0,124013.0,5.0,32471.0,92748.0,122554.0,29806.0,-2665.0,1206.0,-1459.0
3,RKN6KW,True,AW,124014.0,171929.0,6.0,47915.0,125166.00000000001,170235.0,45068.999999999985,-2846.0000000000146,1152.0000000000146,-1694.0
4,RKN6KW,True,AW,179982.0,214037.0,8.0,34055.0,180387.0,212858.0,32471.0,-1584.0,405.0,-1179.0
5,RKN6KW,True,AW,214038.0,264659.0,9.0,50621.0,218360.0,263456.0,45096.0,-5525.0,4322.0,-1203.0
6,RKN6KW,True,AW,269016.0,309143.0,11.0,40127.0,269407.00000000006,307344.0,37936.99999999994,-2190.000000000058,391.0000000000582,-1799.0
7,RKN6KW,True,AW,309144.0,361481.0,12.0,52337.0,314788.0,359997.0,45209.0,-7128.0,5644.0,-1484.0
0,FCKcA5,True,AW,5405.0,37637.0,2.0,32232.0,5147.0,36136.0,30989.0,-1243.0,-258.0,-1501.0
1,FCKcA5,True,AW,37638.0,84965.0,3.0,47327.0,38440.00000000001,83495.0,45054.99999999999,-2272.0000000000073,802.0000000000073,-1470.0
2,FCKcA5,True,AW,88944.0,119713.0,5.0,30769.0,88560.0,118349.0,29789.0,-980.0,-384.0,-1364.0
3,FCKcA5,True,AW,119714.0,175201.0,6.0,55487.0,120592.00000000001,165641.00000000003,45049.000000000015,-10437.999999999985,878.0000000000146,-9559.99999999997
4,FCKcA5,True,AW,179928.0,221067.0,8.0,41139.0,186179.0,218610.0,32431.0,-8708.0,6251.0,-2457.0
5,FCKcA5,True,AW,221068.0,268089.0,9.0,47021.0,220854.0,265901.0,45047.0,-1974.0,-214.0,-2188.0
6,FCKcA5,True,AW,271728.0,310045.0,11.0,38317.0,270857.0,308789.00000000006,37932.00000000006,-384.9999999999418,-871.0,-1255.9999999999418
7,FCKcA5,True,AW,310046.0,364547.0,12.0,54501.0,311092.00000000006,356171.00000000006,45079.0,-9422.0,1046.0000000000582,-8375.999999999942
8,FCKcA5,True,AW,373014.0,404735.0,14.0,31721.0,372517.0,403502.0,30985.0,-736.0,-497.0,-1233.0
9,FCKcA5,True,AW,404736.0,452131.0,15.0,47395.0,405779.00000000006,450842.00000000006,45063.0,-2332.0,1043.0000000000582,-1288.9999999999418
10,FCKcA5,True,AW,455770.0,487117.0,17.0,31347.0,455647.00000000006,485430.0,29782.99999999994,-1564.0000000000582,-122.99999999994179,-1687.0
11,FCKcA5,True,AW,487118.0,532879.0,18.0,45761.0,487644.0,532702.0,45058.0,-703.0,526.0,-177.0
0,QdY3DB,True,AW,5412.0,39005.0,2.0,33593.0,5420.0,37896.0,32476.0,-1117.0,8.0,-1109.0
1,QdY3DB,True,AW,39006.0,86921.0,3.0,47915.0,40855.00000000001,85973.0,45117.99999999999,-2797.0000000000073,1849.0000000000073,-948.0
2,QdY3DB,True,AW,91344.0,123221.0,5.0,31877.0,91163.00000000001,122204.00000000001,31041.0,-836.0,-180.99999999998545,-1016.9999999999854
3,QdY3DB,True,AW,123222.0,172721.0,6.0,49499.0,124775.0,169898.00000000003,45123.00000000003,-4375.999999999971,1553.0,-2822.999999999971
4,QdY3DB,True,AW,179388.0,218657.0,8.0,39269.0,179332.00000000003,217310.0,37977.99999999997,-1291.000000000029,-55.999999999970896,-1347.0
5,QdY3DB,True,AW,218658.0,266243.0,9.0,47585.0,219937.0,265088.0,45151.0,-2434.0,1279.0,-1155.0
6,QdY3DB,True,AW,270072.0,301091.0,11.0,31019.0,270205.00000000006,300032.00000000006,29827.0,-1192.0,133.0000000000582,-1058.9999999999418
7,QdY3DB,True,AW,301092.0,349667.0,12.0,48575.0,302645.00000000006,347850.0,45204.99999999994,-3370.000000000058,1553.0000000000582,-1817.0
0,24WJWG,True,GS,6319.0,54000.0,0.0,47681.0,7130.000000000001,52272.00000000001,45142.00000000001,-2538.9999999999927,811.0000000000009,-1727.9999999999927
1,24WJWG,True,GS,58220.0,106000.0,1.0,47780.0,58282.0,103724.0,45442.0,-2338.0,62.0,-2276.0
2,24WJWG,True,GS,109908.0,150000.0,2.0,40092.0,110245.0,148228.0,37983.0,-2109.0,337.0,-1772.0
3,24WJWG,True,GS,154851.0,200575.0,3.0,45724.0,153955.0,199085.0,45130.0,-594.0,-896.0,-1490.0
4,24WJWG,True,GS,204835.0,245021.0,4.0,40186.0,205024.0,244101.00000000003,39077.00000000003,-1108.999999999971,189.0,-919.9999999999709
5,24WJWG,True,GS,249636.0,274000.0,5.0,24364.0,249594.00000000003,272262.0,22667.99999999997,-1696.000000000029,-41.999999999970896,-1738.0
6,24WJWG,True,GS,277468.0,318287.0,6.0,40819.0,278085.00000000006,316344.0,38258.99999999994,-2560.000000000058,617.0000000000582,-1943.0
7,24WJWG,True,GS,322056.0,341000.0,7.0,18944.0,322153.0,339569.0,17416.0,-1528.0,97.0,-1431.0
8,24WJWG,True,GS,342575.0,356769.0,8.0,14194.0,343515.00000000006,355130.0,11614.999999999942,-2579.000000000058,940.0000000000582,-1639.0
9,24WJWG,True,GS,358763.0,388000.0,9.0,29237.0,359063.00000000006,387727.00000000006,28664.0,-573.0,300.0000000000582,-272.9999999999418
10,24WJWG,True,GS,390926.0,401004.0,10.0,10078.0,390682.0,400574.0,9892.0,-186.0,-244.0,-430.0
11,24WJWG,True,GS,403706.0,435869.0,11.0,32163.0,403689.0,430394.0,26705.0,-5458.0,-17.0,-5475.0
0,QJN4US,True,GS,5406.0,50966.0,0.0,45560.0,5367.0,50415.00000000001,45048.00000000001,-511.9999999999927,-39.0,-550.9999999999927
1,QJN4US,True,GS,55216.0,101048.0,1.0,45832.0,54935.0,99977.0,45042.0,-790.0,-281.0,-1071.0
2,QJN4US,True,GS,105060.0,150620.0,2.0,45560.0,104631.0,149673.0,45042.0,-518.0,-429.0,-947.0
3,QJN4US,True,GS,154530.0,185606.0,3.0,31076.0,154195.00000000003,185301.00000000003,31106.0,30.0,-334.9999999999709,-304.9999999999709
4,QJN4US,True,GS,190468.0,236164.0,4.0,45696.0,189984.0,235028.00000000003,45044.00000000003,-651.9999999999709,-484.0,-1135.999999999971
5,QJN4US,True,GS,239904.0,285668.0,5.0,45764.0,239534.00000000003,284575.00000000006,45041.00000000003,-722.9999999999709,-369.9999999999709,-1092.9999999999418
6,QJN4US,True,GS,289646.0,318410.0,6.0,28764.0,289255.0,317917.00000000006,28662.00000000006,-101.99999999994179,-391.0,-492.9999999999418
7,QJN4US,True,GS,323238.0,368628.0,7.0,45390.0,322760.00000000006,367803.0,45042.99999999994,-347.0000000000582,-477.9999999999418,-825.0
8,QJN4US,True,GS,370056.0,416112.0,8.0,46056.0,370700.00000000006,415744.0,45043.99999999994,-1012.0000000000582,644.0000000000582,-368.0
9,QJN4US,True,GS,417656.0,463747.0,9.0,46091.0,417967.00000000006,463011.0,45043.99999999994,-1047.0000000000582,311.0000000000582,-736.0
10,QJN4US,True,GS,465664.0,477836.0,10.0,12172.0,465028.0,477605.0,12577.0,405.0,-636.0,-231.0
11,QJN4US,True,GS,479298.0,526014.0,11.0,46716.0,479699.0,524750.0,45051.0,-1665.0,401.0,-1264.0
0,d5C2YU,True,GS,5890.0,51855.0,0.0,45965.0,8457.0,53566.0,45109.0,-856.0,2567.0,1711.0
1,d5C2YU,True,GS,58331.0,104756.0,1.0,46425.0,58519.00000000001,103576.00000000001,45057.00000000001,-1367.9999999999927,188.00000000000728,-1179.9999999999854
2,d5C2YU,True,GS,109094.0,141077.0,2.0,31983.0,108666.00000000001,139633.0,30966.999999999985,-1016.0000000000146,-427.99999999998545,-1444.0
3,d5C2YU,True,GS,144732.0,165561.0,3.0,20829.0,144504.00000000003,163924.0,19419.99999999997,-1409.000000000029,-227.9999999999709,-1637.0
4,d5C2YU,True,GS,169267.0,186916.0,4.0,17649.0,169128.0,185476.0,16348.0,-1301.0,-139.0,-1440.0
5,d5C2YU,True,GS,191193.0,229540.0,5.0,38347.0,190422.00000000003,227980.00000000003,37558.0,-789.0,-770.9999999999709,-1559.999999999971
6,d5C2YU,True,GS,233351.0,244043.0,6.0,10692.0,232925.0,243081.00000000003,10156.00000000003,-535.9999999999709,-426.0,-961.9999999999709
7,d5C2YU,True,GS,248752.0,256872.0,7.0,8120.0,248324.0,254229.0,5905.0,-2215.0,-428.0,-2643.0
8,d5C2YU,True,GS,257551.0,272400.0,8.0,14849.0,258829.0,270820.0,11991.0,-2858.0,1278.0,-1580.0
9,d5C2YU,True,GS,273048.0,309224.0,9.0,36176.0,274330.00000000006,307975.0,33644.99999999994,-2531.000000000058,1282.0000000000582,-1249.0
0,YPA6WA,True,AW,6298.0,38445.0,2.0,32147.0,5643.000000000001,36670.0,31027.0,-1120.0,-654.9999999999991,-1775.0
1,YPA6WA,True,AW,38446.0,86432.0,3.0,47986.0,39758.0,84889.00000000001,45131.000000000015,-2854.9999999999854,1312.0,-1542.9999999999854
2,YPA6WA,True,AW,91180.0,122199.0,5.0,31019.0,90330.00000000001,120148.00000000001,29818.0,-1201.0,-849.9999999999854,-2050.9999999999854
3,YPA6WA,True,AW,122200.0,172348.0,6.0,50148.0,122925.00000000001,168120.0,45194.999999999985,-4953.000000000015,725.0000000000146,-4228.0
4,YPA6WA,True,AW,182360.0,216434.0,8.0,34074.0,182166.00000000003,214632.0,32465.99999999997,-1608.000000000029,-193.9999999999709,-1802.0
5,YPA6WA,True,AW,216435.0,264092.0,9.0,47657.0,217517.00000000003,262705.00000000006,45188.00000000003,-2468.999999999971,1082.000000000029,-1386.9999999999418
6,YPA6WA,True,AW,268746.0,308366.0,11.0,39620.0,268124.0,306080.00000000006,37956.00000000006,-1663.9999999999418,-622.0,-2285.999999999942
7,YPA6WA,True,AW,308367.0,357528.0,12.0,49161.0,309196.0,354450.00000000006,45254.00000000006,-3906.999999999942,829.0,-3077.999999999942
0,HEc5NA,False,AW,5474.0,38589.0,2.0,33115.0,5764.0,35583.00000000001,29819.000000000007,-3295.9999999999927,290.0,-3005.9999999999927
1,HEc5NA,False,AW,38590.0,85747.0,3.0,47157.0,38562.00000000001,83672.00000000001,45110.00000000001,-2046.9999999999927,-27.999999999992724,-2074.9999999999854
0,BJFJAM,True,GS,4794.0,51714.0,0.0,46920.0,5650.0,50704.0,45054.0,-1866.0,856.0,-1010.0
1,BJFJAM,True,GS,55284.0,76840.0,1.0,21556.0,55254.00000000001,75980.0,20725.999999999993,-830.0000000000073,-29.999999999992724,-860.0
2,BJFJAM,True,GS,80716.0,124338.0,2.0,43622.0,80625.0,123520.00000000001,42895.000000000015,-726.9999999999854,-91.0,-817.9999999999854
3,BJFJAM,True,GS,128044.0,159358.0,3.0,31314.0,128105.00000000001,158512.0,30406.999999999985,-907.0000000000146,61.00000000001455,-846.0
4,BJFJAM,True,GS,163438.0,184110.0,4.0,20672.0,163297.0,183291.00000000003,19994.00000000003,-677.9999999999709,-141.0,-818.9999999999709
5,BJFJAM,True,GS,187714.0,197900.0,5.0,10186.0,187823.0,197518.0,9695.0,-491.0,109.0,-382.0
6,BJFJAM,True,GS,203116.0,212350.0,6.0,9234.0,202084.0,211660.00000000003,9576.00000000003,342.0000000000291,-1032.0,-689.9999999999709
7,BJFJAM,True,GS,214064.0,241128.0,7.0,27064.0,214150.0,240207.00000000003,26057.00000000003,-1006.9999999999709,86.0,-920.9999999999709
8,BJFJAM,True,GS,242998.0,256428.0,8.0,13430.0,242393.00000000003,250670.00000000003,8277.0,-5153.0,-604.9999999999709,-5757.999999999971
0,7G5JR3,True,GS,5445.0,38699.0,0.0,33254.0,5361.000000000001,37830.00000000001,32469.000000000007,-784.9999999999927,-83.99999999999909,-868.9999999999927
1,7G5JR3,True,GS,40194.0,86856.0,1.0,46662.0,40379.00000000001,85428.00000000001,45049.00000000001,-1612.9999999999927,185.00000000000728,-1427.9999999999854
2,7G5JR3,True,GS,90783.0,122024.0,2.0,31241.0,90555.0,121581.0,31026.0,-215.0,-228.0,-443.0
3,7G5JR3,True,GS,124047.0,170445.0,3.0,46398.0,124103.00000000001,169150.0,45046.999999999985,-1351.0000000000146,56.00000000001455,-1295.0
4,7G5JR3,True,GS,201465.0,239768.0,4.0,38303.0,201349.00000000003,239318.0,37968.99999999997,-334.0000000000291,-115.9999999999709,-450.0
5,7G5JR3,True,GS,241494.0,288222.0,5.0,46728.0,241698.0,286756.0,45058.0,-1670.0,204.0,-1466.0
6,7G5JR3,True,GS,291984.0,322169.0,6.0,30185.0,291874.0,321701.0,29827.0,-358.0,-110.0,-468.0
7,7G5JR3,True,GS,323763.0,372174.0,7.0,48411.0,324302.0,369378.00000000006,45076.00000000006,-3334.999999999942,539.0,-2795.999999999942
8,7G5JR3,True,GS,432630.0,466191.0,8.0,33561.0,432303.00000000006,464767.00000000006,32464.0,-1097.0,-326.9999999999418,-1423.9999999999418
9,7G5JR3,True,GS,467049.0,512942.0,9.0,45893.0,467258.00000000006,512314.00000000006,45056.0,-837.0,209.0000000000582,-627.9999999999418
10,7G5JR3,True,GS,517671.0,550473.0,10.0,32802.0,517441.00000000006,548469.0,31027.99999999994,-1774.0000000000582,-229.9999999999418,-2004.0
11,7G5JR3,True,GS,551298.0,595931.0,11.0,44633.0,550898.0,595954.0000000001,45056.00000000012,423.0000000001164,-400.0,23.000000000116415
0,5G7cHW,False,GS,5202.0,38474.0,0.0,33272.0,,,,,,
1,5G7cHW,False,GS,40018.0,86870.0,1.0,46852.0,,,,,,
2,5G7cHW,False,GS,90644.0,122182.0,2.0,31538.0,,,,,,
3,5G7cHW,False,GS,123828.0,171428.0,3.0,47600.0,,,,,,
4,5G7cHW,False,GS,198254.0,237000.0,4.0,38746.0,,,,,,
5,5G7cHW,False,GS,238782.0,284668.0,5.0,45886.0,,,,,,
6,5G7cHW,False,GS,289170.0,319000.0,6.0,29830.0,,,,,,
7,5G7cHW,False,GS,321470.0,368730.0,7.0,47260.0,,,,,,
0,V56UPN,True,GS,5214.0,51348.0,0.0,46134.0,5336.0,50474.00000000001,45138.00000000001,-995.9999999999927,122.0,-873.9999999999927
1,V56UPN,True,GS,55374.0,101376.0,1.0,46002.0,55156.00000000001,100264.00000000001,45108.00000000001,-893.9999999999927,-217.99999999999272,-1111.9999999999854
2,V56UPN,True,GS,105270.0,151140.0,2.0,45870.0,105187.00000000001,150250.0,45062.999999999985,-807.0000000000146,-82.99999999998545,-890.0
3,V56UPN,True,GS,154968.0,201102.0,3.0,46134.0,154979.0,200040.00000000003,45061.00000000003,-1072.999999999971,11.0,-1061.999999999971
4,V56UPN,True,GS,204864.0,250734.0,4.0,45870.0,204772.00000000003,249872.0,45099.99999999997,-770.0000000000291,-91.9999999999709,-862.0
5,V56UPN,True,GS,254562.0,300828.0,5.0,46266.0,254580.0,299684.0,45104.0,-1162.0,18.0,-1144.0
6,V56UPN,True,GS,304722.0,350658.0,6.0,45936.0,304649.0,349760.00000000006,45111.00000000006,-824.9999999999418,-73.0,-897.9999999999418
7,V56UPN,True,GS,354552.0,400346.0,7.0,45794.0,354485.0,399602.00000000006,45117.00000000006,-676.9999999999418,-67.0,-743.9999999999418
8,V56UPN,True,GS,403392.0,420816.0,8.0,17424.0,402072.0,419873.00000000006,17801.00000000006,377.0000000000582,-1320.0,-942.9999999999418
9,V56UPN,True,GS,421542.0,468732.0,9.0,47190.0,422204.0,467361.00000000006,45157.00000000006,-2032.9999999999418,662.0,-1370.9999999999418
10,V56UPN,True,GS,469986.0,515922.0,10.0,45936.0,469602.00000000006,514736.0,45133.99999999994,-802.0000000000582,-383.9999999999418,-1186.0
11,V56UPN,True,GS,517176.0,565686.0,11.0,48510.0,516739.00000000006,561877.0000000001,45138.00000000006,-3371.999999999942,-436.9999999999418,-3808.9999999998836
0,BHZZPE,True,GS,7644.0,55172.0,0.0,47528.0,7887.0,54003.0,46116.0,-1412.0,243.0,-1169.0
1,BHZZPE,True,GS,64428.0,110864.0,1.0,46436.0,64470.0,110134.0,45664.0,-772.0,42.0,-730.0
2,BHZZPE,True,GS,122772.0,169624.0,2.0,46852.0,123428.00000000001,168633.0,45204.999999999985,-1647.0000000000146,656.0000000000146,-991.0
3,BHZZPE,True,GS,174408.0,220480.0,3.0,46072.0,174292.0,219568.0,45276.0,-796.0,-116.0,-912.0
4,BHZZPE,True,GS,225472.0,271596.0,4.0,46124.0,225454.0,270619.0,45165.0,-959.0,-18.0,-977.0
5,BHZZPE,True,GS,276380.0,314340.0,5.0,37960.0,276446.0,313467.00000000006,37021.00000000006,-938.9999999999418,66.0,-872.9999999999418
6,BHZZPE,True,GS,319332.0,365612.0,6.0,46280.0,319473.0,364722.00000000006,45249.00000000006,-1030.9999999999418,141.0,-889.9999999999418
7,BHZZPE,True,GS,370916.0,417092.0,7.0,46176.0,370853.0,416176.00000000006,45323.00000000006,-852.9999999999418,-63.0,-915.9999999999418
8,BHZZPE,True,GS,419536.0,440491.0,8.0,20955.0,419831.0,438881.0,19050.0,-1905.0,295.0,-1610.0
9,BHZZPE,True,GS,441532.0,459264.0,9.0,17732.0,442632.0,458609.00000000006,15977.000000000058,-1754.9999999999418,1100.0,-654.9999999999418
10,BHZZPE,True,GS,461292.0,497068.0,10.0,35776.0,461715.00000000006,496219.00000000006,34504.0,-1272.0,423.0000000000582,-848.9999999999418
11,BHZZPE,True,GS,498836.0,525668.0,11.0,26832.0,499280.00000000006,525060.0000000001,25780.00000000006,-1051.9999999999418,444.0000000000582,-607.9999999998836
0,5WDNVZ,False,AW,140012.0,170883.0,2.0,30871.0,5830.0,18897.000000000004,13067.000000000004,-17803.999999999996,-134182.0,-151986.0
1,5WDNVZ,False,AW,170884.0,221135.0,3.0,50251.0,55853.0,86859.00000000001,31006.000000000015,-19244.999999999985,-115031.0,-134276.0
2,5WDNVZ,False,AW,228922.0,262887.0,5.0,33965.0,89772.0,134828.0,45056.0,11091.0,-139150.0,-128059.0
3,5WDNVZ,False,AW,262888.0,310793.0,6.0,47905.0,140099.00000000003,169895.0,29795.99999999997,-18109.00000000003,-122788.99999999997,-140898.0
4,5WDNVZ,False,AW,533596.0,567833.0,8.0,34237.0,172805.0,217866.0,45061.0,10824.0,-360791.0,-349967.0
5,5WDNVZ,False,AW,567834.0,613223.0,9.0,45389.0,228722.0,261171.0,32449.0,-12940.0,-339112.0,-352052.0
6,5WDNVZ,False,AW,618018.0,648379.0,11.0,30361.0,264156.0,309219.0,45063.0,14702.0,-353862.0,-339160.0
7,5WDNVZ,False,AW,648380.0,694581.0,12.0,46201.0,314544.00000000006,352493.0,37948.99999999994,-8252.000000000058,-333835.99999999994,-342088.0
0,JSEL4H,False,AW,5746.0,43485.0,2.0,37739.0,7411.000000000001,39179.0,31768.0,-5971.0,1665.000000000001,-4306.0
1,JSEL4H,False,AW,43486.0,99721.0,3.0,56235.0,53537.00000000001,98581.0,45043.99999999999,-11191.000000000007,10051.000000000007,-1140.0
2,JSEL4H,False,AW,103836.0,146709.0,5.0,42873.0,106417.0,144898.0,38481.0,-4392.0,2581.0,-1811.0
3,JSEL4H,False,AW,146710.0,198355.0,6.0,51645.0,149762.0,194782.0,45020.0,-6625.0,3052.0,-3573.0
4,JSEL4H,False,AW,206448.0,240107.0,8.0,33659.0,207677.00000000003,238652.00000000003,30975.0,-2684.0,1229.000000000029,-1454.999999999971
5,JSEL4H,False,AW,240108.0,257359.0,9.0,17251.0,243388.0,288421.0,45033.0,27782.0,3280.0,31062.0
0,LFNGJV,True,AW,5950.0,38589.0,2.0,32639.0,5454.000000000001,36637.0,31183.0,-1456.0,-495.9999999999991,-1952.0
1,LFNGJV,True,AW,38590.0,86155.0,3.0,47565.0,39168.0,84230.0,45062.0,-2503.0,578.0,-1925.0
2,LFNGJV,True,AW,90610.0,121549.0,5.0,30939.0,89279.00000000001,119292.0,30012.999999999985,-926.0000000000146,-1330.9999999999854,-2257.0
3,LFNGJV,True,AW,121550.0,170985.0,6.0,49435.0,121695.00000000001,166746.0,45050.999999999985,-4384.000000000015,145.00000000001455,-4239.0
4,LFNGJV,True,AW,176290.0,210017.0,8.0,33727.0,174862.00000000003,207549.0,32686.99999999997,-1040.000000000029,-1427.999999999971,-2468.0
5,LFNGJV,True,AW,210018.0,257515.0,9.0,47497.0,209941.0,255001.0,45060.0,-2437.0,-77.0,-2514.0
6,LFNGJV,True,AW,262378.0,300967.0,11.0,38589.0,260242.00000000003,298388.00000000006,38146.00000000003,-442.9999999999709,-2135.999999999971,-2578.999999999942
7,LFNGJV,True,AW,300968.0,350573.0,12.0,49605.0,300754.0,345831.0,45077.0,-4528.0,-214.0,-4742.0
8,LFNGJV,True,AW,365840.0,397153.0,14.0,31313.0,363423.0,394624.0,31201.0,-112.0,-2417.0,-2529.0
9,LFNGJV,True,AW,397154.0,444481.0,15.0,47327.0,397052.0,442115.0,45063.0,-2264.0,-102.0,-2366.0
10,LFNGJV,True,AW,448290.0,479637.0,17.0,31347.0,447127.0,477116.00000000006,29989.00000000006,-1357.9999999999418,-1163.0,-2520.999999999942
11,LFNGJV,True,AW,479638.0,526193.0,18.0,46555.0,479827.00000000006,524871.0,45043.99999999994,-1511.0000000000582,189.0000000000582,-1322.0
0,TMT2Uc,True,AW,5134.0,36447.0,2.0,31313.0,5041.0,34812.00000000001,29771.000000000007,-1541.9999999999927,-93.0,-1634.9999999999927
1,TMT2Uc,True,AW,36448.0,85203.0,3.0,48755.0,37011.0,82045.0,45034.0,-3721.0,563.0,-3158.0
2,TMT2Uc,True,AW,88808.0,126479.0,5.0,37671.0,86817.0,124729.00000000001,37912.000000000015,241.00000000001455,-1991.0,-1749.9999999999854
3,TMT2Uc,True,AW,126480.0,181151.0,6.0,54671.0,126895.00000000001,171918.0,45022.999999999985,-9648.000000000015,415.00000000001455,-9233.0
4,TMT2Uc,True,AW,184552.0,217225.0,8.0,32673.0,184189.00000000003,215163.0,30973.99999999997,-1699.000000000029,-362.9999999999709,-2062.0
5,TMT2Uc,True,AW,217226.0,264043.0,9.0,46817.0,217251.0,262281.0,45030.0,-1787.0,25.0,-1762.0
6,TMT2Uc,True,AW,267240.0,301710.0,11.0,34470.0,267104.00000000006,299544.00000000006,32440.0,-2030.0,-135.9999999999418,-2165.999999999942
7,TMT2Uc,True,AW,301711.0,349112.0,12.0,47401.0,301763.00000000006,346793.0,45029.99999999994,-2371.000000000058,52.00000000005821,-2319.0
0,cPWHF4,True,GS,5580.0,51705.0,0.0,46125.0,5372.000000000001,50544.00000000001,45172.00000000001,-952.9999999999927,-207.9999999999991,-1160.9999999999927
1,cPWHF4,True,GS,55305.0,89055.0,1.0,33750.0,55349.00000000001,87829.00000000001,32480.000000000007,-1269.9999999999927,44.000000000007276,-1225.9999999999854
2,cPWHF4,True,GS,92745.0,138510.0,2.0,45765.0,92815.00000000001,137975.00000000003,45160.000000000015,-604.9999999999854,70.00000000001455,-534.9999999999709
3,cPWHF4,True,GS,142785.0,188820.0,3.0,46035.0,142690.0,187846.0,45156.0,-879.0,-95.0,-974.0
4,cPWHF4,True,GS,192735.0,238545.0,4.0,45810.0,192858.0,238002.0,45144.0,-666.0,123.0,-543.0
5,cPWHF4,True,GS,243090.0,288540.0,5.0,45450.0,242746.0,287904.0,45158.0,-292.0,-344.0,-636.0
6,cPWHF4,True,GS,292725.0,327580.0,6.0,34855.0,292836.0,326336.0,33500.0,-1355.0,111.0,-1244.0
7,cPWHF4,True,GS,330975.0,354735.0,7.0,23760.0,331207.0,354077.0,22870.0,-890.0,232.0,-658.0
8,cPWHF4,True,GS,356040.0,367000.0,8.0,10960.0,356691.00000000006,366221.0,9529.999999999942,-1430.0000000000582,651.0000000000582,-779.0
9,cPWHF4,True,GS,368010.0,414002.0,9.0,45992.0,368673.0,413851.0,45178.0,-814.0,663.0,-151.0
10,cPWHF4,True,GS,416700.0,423935.0,10.0,7235.0,415931.00000000006,423231.00000000006,7300.0,65.0,-768.9999999999418,-703.9999999999418
11,cPWHF4,True,GS,426140.0,434925.0,11.0,8785.0,425453.00000000006,434257.0,8803.999999999942,18.999999999941792,-686.9999999999418,-668.0
0,SFBBJX,False,AW,6603.0,39688.0,2.0,33085.0,6799.0,37872.0,31073.0,-2012.0,196.0,-1816.0
1,SFBBJX,False,AW,39689.0,88749.0,3.0,49060.0,41739.00000000001,86947.0,45207.99999999999,-3852.0000000000073,2050.0000000000073,-1802.0
2,SFBBJX,False,AW,92797.0,125314.0,5.0,32517.0,93184.00000000001,123107.00000000001,29923.0,-2594.0,387.00000000001455,-2206.9999999999854
3,SFBBJX,False,AW,125315.0,177286.0,6.0,51971.0,126496.00000000001,171671.00000000003,45175.000000000015,-6795.999999999985,1181.0000000000146,-5614.999999999971
4,SFBBJX,False,AW,181405.0,216549.0,8.0,35144.0,181234.0,213826.00000000003,32592.00000000003,-2551.999999999971,-171.0,-2722.999999999971
5,SFBBJX,False,AW,216550.0,264403.0,9.0,47853.0,217282.0,262513.00000000006,45231.00000000006,-2621.999999999942,732.0,-1889.9999999999418
6,SFBBJX,False,AW,268167.0,308352.0,11.0,40185.0,268777.00000000006,306820.0,38042.99999999994,-2142.000000000058,610.0000000000582,-1532.0
7,SFBBJX,False,AW,308353.0,364655.0,12.0,56302.0,310185.0,355852.00000000006,45667.00000000006,-10634.999999999942,1832.0,-8802.999999999942
0,273QdB,True,AW,5772.0,38739.0,2.0,32967.0,6468.0,36341.0,29873.0,-3094.0,696.0,-2398.0
1,273QdB,True,AW,38740.0,88035.0,3.0,49295.0,40327.00000000001,85534.0,45206.99999999999,-4088.0000000000073,1587.0000000000073,-2501.0
2,273QdB,True,AW,92300.0,131455.0,5.0,39155.0,91431.00000000001,129408.00000000001,37977.0,-1178.0,-868.9999999999854,-2046.9999999999854
3,273QdB,True,AW,131456.0,184703.0,6.0,53247.0,132778.00000000003,177914.00000000003,45136.0,-8111.0,1322.000000000029,-6788.999999999971
4,273QdB,True,AW,194584.0,227551.0,8.0,32967.0,194678.00000000003,225738.00000000003,31060.0,-1907.0,94.0000000000291,-1812.999999999971
5,273QdB,True,AW,227552.0,275703.0,9.0,48151.0,228782.0,273967.00000000006,45185.00000000006,-2965.999999999942,1230.0,-1735.9999999999418
6,273QdB,True,AW,280020.0,314235.0,11.0,34215.0,280077.0,312586.0,32509.0,-1706.0,57.0,-1649.0
7,273QdB,True,AW,314236.0,363947.0,12.0,49711.0,315990.0,361218.0,45228.0,-4483.0,1754.0,-2729.0
0,dKQE5W,False,GS,5548.0,47262.0,0.0,41714.0,5561.0,50655.0,45094.0,3380.0,13.0,3393.0
1,dKQE5W,False,GS,51735.0,91206.0,1.0,39471.0,55386.0,68028.0,12642.0,-26829.0,3651.0,-23178.0
2,dKQE5W,False,GS,95546.0,107646.0,2.0,12100.0,5394.0,46560.0,41166.0,29066.0,-90152.0,-61086.0
3,dKQE5W,False,GS,112712.0,132594.0,3.0,19882.0,51288.00000000001,90160.00000000001,38872.00000000001,18990.000000000007,-61423.99999999999,-42433.999999999985
4,dKQE5W,False,GS,136810.0,163767.0,4.0,26957.0,95101.0,107229.00000000001,12128.000000000015,-14828.999999999985,-41709.0,-56537.999999999985
5,dKQE5W,False,GS,168455.0,178121.0,5.0,9666.0,111986.0,131533.00000000003,19547.00000000003,9881.00000000003,-56469.0,-46587.99999999997
6,dKQE5W,False,GS,182521.0,193963.0,6.0,11442.0,136222.0,163541.0,27319.0,15877.0,-46299.0,-30422.0
7,dKQE5W,False,GS,198650.0,236567.0,7.0,37917.0,168329.0,177204.0,8875.0,-29042.0,-30321.0,-59363.0
8,dKQE5W,False,GS,238116.0,272775.0,8.0,34659.0,182024.0,193521.00000000003,11497.00000000003,-23161.99999999997,-56092.0,-79253.99999999997
9,dKQE5W,False,GS,274324.0,294657.0,9.0,20333.0,198292.0,235656.0,37364.0,17031.0,-76032.0,-59001.0
10,dKQE5W,False,GS,296268.0,309317.0,10.0,13049.0,238275.0,272060.0,33785.0,20736.0,-57993.0,-37257.0
11,dKQE5W,False,GS,310866.0,320196.0,11.0,9330.0,274359.00000000006,294053.0,19693.99999999994,10363.999999999942,-36506.99999999994,-26143.0
12,dKQE5W,False,GS,332965.0,367686.0,12.0,34721.0,296045.0,308374.0,12329.0,-22392.0,-36920.0,-59312.0
13,dKQE5W,False,GS,369017.0,402561.0,13.0,33544.0,310555.0,319414.00000000006,8859.000000000058,-24684.99999999994,-58462.0,-83146.99999999994
0,JYVEQP,False,AW,5576.0,38419.0,2.0,32843.0,6999.000000000001,36796.0,29797.0,-3046.0,1423.000000000001,-1623.0
1,JYVEQP,False,AW,38420.0,90133.0,3.0,51713.0,43135.00000000001,88228.00000000001,45093.00000000001,-6619.999999999993,4715.000000000007,-1904.9999999999854
2,JYVEQP,False,AW,93806.0,135081.0,5.0,41275.0,94817.0,132764.0,37947.0,-3328.0,1011.0,-2317.0
3,JYVEQP,False,AW,135082.0,185265.0,6.0,50183.0,137307.00000000003,182399.0,45091.99999999997,-5091.000000000029,2225.000000000029,-2866.0
4,JYVEQP,False,AW,194854.0,229159.0,8.0,34305.0,195111.00000000003,226138.0,31026.99999999997,-3278.000000000029,257.0000000000291,-3021.0
5,JYVEQP,False,AW,229160.0,276487.0,9.0,47327.0,229584.0,274670.0,45086.0,-2241.0,424.0,-1817.0
6,JYVEQP,False,AW,280194.0,317220.0,11.0,37026.0,282991.00000000006,315446.0,32454.99999999994,-4571.000000000058,2797.000000000058,-1774.0
7,JYVEQP,False,AW,317221.0,369443.0,12.0,52222.0,320989.00000000006,366109.00000000006,45120.0,-7102.0,3768.000000000058,-3333.999999999942
8,JYVEQP,False,AW,393278.0,426393.0,14.0,33115.0,392863.0,422681.00000000006,29818.00000000006,-3296.999999999942,-415.0,-3711.999999999942
9,JYVEQP,False,AW,475966.0,515711.0,17.0,39745.0,425634.0,470708.0,45074.0,5329.0,-50332.0,-45003.0
10,JYVEQP,False,AW,515712.0,561561.0,18.0,45849.0,475908.0,513855.0,37947.0,-7902.0,-39804.0,-47706.0
0,UGRXDL,False,GS,5704.0,39432.0,0.0,33728.0,5937.0,38368.0,32431.0,-1297.0,233.0,-1064.0
1,UGRXDL,False,GS,40362.0,86482.0,1.0,46120.0,41285.00000000001,86316.0,45030.99999999999,-1089.0000000000073,923.0000000000073,-166.0
2,UGRXDL,False,GS,91016.0,122690.0,2.0,31674.0,91642.00000000001,122624.00000000001,30982.0,-692.0,626.0000000000146,-65.99999999998545
3,UGRXDL,False,GS,124372.0,171182.0,3.0,46810.0,125126.0,170157.0,45031.0,-1779.0,754.0,-1025.0
4,UGRXDL,False,GS,187860.0,226354.0,4.0,38494.0,188280.0,226198.0,37918.0,-576.0,420.0,-156.0
5,UGRXDL,False,GS,227726.0,274218.0,5.0,46492.0,229013.0,274047.0,45034.0,-1458.0,1287.0,-171.0
6,UGRXDL,False,GS,278876.0,309008.0,6.0,30132.0,279147.0,308937.0,29790.0,-342.0,271.0,-71.0
7,UGRXDL,False,GS,310744.0,342240.0,7.0,31496.0,311627.0,341020.00000000006,29393.00000000006,-2102.999999999942,883.0,-1219.9999999999418
8,UGRXDL,False,GS,350176.0,503130.0,8.0,152954.0,347199.0,363849.00000000006,16650.00000000006,-136303.99999999994,-2977.0,-139280.99999999994
0,6QVVRP,False,GS,5542.0,51340.0,0.0,45798.0,5742.0,50985.00000000001,45243.00000000001,-554.9999999999927,200.0,-354.9999999999927
1,6QVVRP,False,GS,55896.0,101932.0,1.0,46036.0,56312.00000000001,101505.00000000001,45193.00000000001,-842.9999999999927,416.0000000000073,-426.99999999998545
2,6QVVRP,False,GS,106488.0,152456.0,2.0,45968.0,106590.0,151707.00000000003,45117.00000000003,-850.9999999999709,102.0,-748.9999999999709
3,6QVVRP,False,GS,156502.0,202504.0,3.0,46002.0,156747.0,202045.00000000003,45298.00000000003,-703.9999999999709,245.0,-458.9999999999709
4,6QVVRP,False,GS,207026.0,252892.0,4.0,45866.0,207298.0,252517.00000000003,45219.00000000003,-646.9999999999709,272.0,-374.9999999999709
5,6QVVRP,False,GS,257346.0,303416.0,5.0,46070.0,257575.0,302650.00000000006,45075.00000000006,-994.9999999999418,229.0,-765.9999999999418
6,6QVVRP,False,GS,307734.0,353532.0,6.0,45798.0,307980.0,353199.0,45219.0,-579.0,246.0,-333.0
7,6QVVRP,False,GS,358054.0,381276.0,7.0,23222.0,358160.0,380651.0,22491.0,-731.0,106.0,-625.0
8,6QVVRP,False,GS,382670.0,423606.0,8.0,40936.0,383708.0,422749.0,39041.0,-1895.0,1038.0,-857.0
9,6QVVRP,False,GS,424456.0,445216.0,9.0,20760.0,425272.00000000006,444749.0,19476.99999999994,-1283.0000000000582,816.0000000000582,-467.0
10,6QVVRP,False,GS,446896.0,475286.0,10.0,28390.0,447019.0,459664.00000000006,12645.000000000058,-15744.999999999942,123.0,-15621.999999999942
0,GScUXA,True,AW,7656.0,41876.0,2.0,34220.0,9958.0,39928.00000000001,29970.000000000007,-4249.999999999993,2302.0,-1947.9999999999927
1,GScUXA,True,AW,41877.0,89759.0,3.0,47882.0,43803.00000000001,88847.00000000001,45044.00000000001,-2837.9999999999927,1926.0000000000073,-911.9999999999854
2,GScUXA,True,AW,93852.0,135590.0,5.0,41738.0,95888.0,133832.00000000003,37944.00000000003,-3793.999999999971,2036.0,-1757.999999999971
3,GScUXA,True,AW,135591.0,186284.0,6.0,50693.0,137340.0,182382.0,45042.0,-5651.0,1749.0,-3902.0
4,GScUXA,True,AW,195921.0,229613.0,8.0,33692.0,195918.0,228100.00000000003,32182.00000000003,-1509.999999999971,-3.0,-1512.999999999971
5,GScUXA,True,AW,229614.0,277892.0,9.0,48278.0,231998.00000000003,277030.00000000006,45032.00000000003,-3245.999999999971,2384.000000000029,-861.9999999999418
6,GScUXA,True,AW,282348.0,316860.0,11.0,34512.0,282650.00000000006,315103.0,32452.99999999994,-2059.000000000058,302.0000000000582,-1757.0
7,GScUXA,True,AW,316861.0,365673.0,12.0,48812.0,317693.00000000006,362753.00000000006,45060.0,-3752.0,832.0000000000582,-2919.999999999942
8,GScUXA,True,AW,381942.0,412598.0,14.0,30656.0,381870.0,411658.0,29788.0,-868.0,-72.0,-940.0
9,GScUXA,True,AW,412599.0,460052.0,15.0,47453.0,414038.0,459086.0,45048.0,-2405.0,1439.0,-966.0
10,GScUXA,True,AW,464409.0,503645.0,17.0,39236.0,464002.0,501942.0,37940.0,-1296.0,-407.0,-1703.0
11,GScUXA,True,AW,503646.0,549621.0,18.0,45975.0,504487.0,549524.0,45037.0,-938.0,841.0,-97.0
0,TGA6G7,True,AW,5000.0,37499.0,2.0,32499.0,5197.0,36267.0,31070.0,-1429.0,197.0,-1232.0
1,TGA6G7,True,AW,37500.0,84899.0,3.0,47399.0,38865.0,83933.0,45068.0,-2331.0,1365.0,-966.0
2,TGA6G7,True,AW,89000.0,120899.0,5.0,31899.0,89141.0,118976.00000000001,29835.000000000015,-2063.9999999999854,141.0,-1922.9999999999854
3,TGA6G7,True,AW,120900.0,174299.0,6.0,53399.0,121521.0,166653.00000000003,45132.00000000003,-8266.99999999997,621.0,-7645.999999999971
4,TGA6G7,True,AW,200500.0,234299.0,8.0,33799.0,200510.00000000003,233029.00000000003,32519.0,-1280.0,10.000000000029104,-1269.999999999971
5,TGA6G7,True,AW,234300.0,281799.0,9.0,47499.0,235492.00000000003,280582.0,45089.99999999997,-2409.000000000029,1192.000000000029,-1217.0
6,TGA6G7,True,AW,285600.0,325199.0,11.0,39599.0,285624.0,323605.0,37981.0,-1618.0,24.0,-1594.0
7,TGA6G7,True,AW,325200.0,373699.0,12.0,48499.0,325993.0,371133.00000000006,45140.00000000006,-3358.999999999942,793.0,-2565.999999999942
8,TGA6G7,True,AW,386900.0,419799.0,14.0,32899.0,387270.00000000006,418293.0,31022.99999999994,-1876.0000000000582,370.0000000000582,-1506.0
9,TGA6G7,True,AW,419800.0,467499.0,15.0,47699.0,420667.00000000006,465743.00000000006,45076.0,-2623.0,867.0000000000582,-1755.9999999999418
10,TGA6G7,True,AW,471300.0,502599.0,17.0,31299.0,470861.00000000006,500720.0,29858.99999999994,-1440.0000000000582,-438.9999999999418,-1879.0
11,TGA6G7,True,AW,502600.0,548178.0,18.0,45578.0,503088.0,548161.0,45073.0,-505.0,488.0,-17.0
0,7VNC4V,True,GS,5236.0,51952.0,0.0,46716.0,5735.0,50790.00000000001,45055.00000000001,-1660.9999999999927,499.0,-1161.9999999999927
1,7VNC4V,True,GS,55658.0,101626.0,1.0,45968.0,55653.00000000001,100714.00000000001,45061.00000000001,-906.9999999999927,-4.999999999992724,-911.9999999999854
2,7VNC4V,True,GS,105944.0,117728.0,2.0,11784.0,105686.0,117367.0,11681.0,-103.0,-258.0,-361.0
3,7VNC4V,True,GS,122332.0,168232.0,3.0,45900.0,122146.0,167203.0,45057.0,-843.0,-186.0,-1029.0
4,7VNC4V,True,GS,172414.0,213336.0,4.0,40922.0,172029.00000000003,213091.0,41061.99999999997,139.9999999999709,-384.9999999999709,-245.0
5,7VNC4V,True,GS,217872.0,258318.0,5.0,40446.0,217847.0,257585.00000000003,39738.00000000003,-707.9999999999709,-25.0,-732.9999999999709
6,7VNC4V,True,GS,262582.0,306476.0,6.0,43894.0,262398.0,305503.00000000006,43105.00000000006,-788.9999999999418,-184.0,-972.9999999999418
7,7VNC4V,True,GS,310590.0,351220.0,7.0,40630.0,310424.00000000006,350329.0,39904.99999999994,-725.0000000000582,-165.9999999999418,-891.0
8,7VNC4V,True,GS,352648.0,368050.0,8.0,15402.0,352725.0,367251.00000000006,14526.000000000058,-875.9999999999418,77.0,-798.9999999999418
9,7VNC4V,True,GS,369308.0,388586.0,9.0,19278.0,369429.00000000006,387919.00000000006,18490.0,-788.0,121.00000000005821,-666.9999999999418
10,7VNC4V,True,GS,390082.0,403090.0,10.0,13008.0,390023.0,402964.0,12941.0,-67.0,-59.0,-126.0
11,7VNC4V,True,GS,404668.0,415140.0,11.0,10472.0,405138.00000000006,413677.0,8538.999999999942,-1933.0000000000582,470.0000000000582,-1463.0
0,ECPAC2,True,AW,5810.0,36924.0,2.0,31114.0,5674.0,35499.0,29825.0,-1289.0,-136.0,-1425.0
1,ECPAC2,True,AW,36925.0,60966.0,3.0,24041.0,38432.0,63369.00000000001,24937.000000000007,896.0000000000073,1507.0,2403.0000000000073
2,ECPAC2,True,AW,84840.0,130059.0,5.0,45219.0,83630.00000000001,128663.00000000001,45033.0,-186.0,-1209.9999999999854,-1395.9999999999854
3,ECPAC2,True,AW,134995.0,173879.0,7.0,38884.0,134234.0,172194.00000000003,37960.00000000003,-923.9999999999709,-761.0,-1684.999999999971
4,ECPAC2,True,AW,173880.0,221759.0,8.0,47879.0,174844.00000000003,219868.00000000003,45024.0,-2855.0,964.0000000000291,-1890.999999999971
5,ECPAC2,True,AW,232050.0,265439.0,10.0,33389.0,232282.0,263305.0,31023.0,-2366.0,232.0,-2134.0
6,ECPAC2,True,AW,265440.0,312689.0,11.0,47249.0,266004.0,311034.0,45030.0,-2219.0,564.0,-1655.0
7,ECPAC2,True,AW,317065.0,351329.0,13.0,34264.0,316395.00000000006,348875.0,32479.99999999994,-1784.0000000000582,-669.9999999999418,-2454.0
8,ECPAC2,True,AW,351330.0,402394.0,14.0,51064.0,351708.0,396740.0,45032.0,-6032.0,378.0,-5654.0
0,NFYDcF,True,GS,3638.0,52632.0,0.0,48994.0,6146.000000000001,51195.0,45049.0,-3945.0,2508.000000000001,-1437.0
1,NFYDcF,True,GS,56372.0,98158.0,1.0,41786.0,55967.00000000001,96530.0,40562.99999999999,-1223.0000000000073,-404.9999999999927,-1628.0
2,NFYDcF,True,GS,102102.0,147764.0,2.0,45662.0,101446.00000000001,146526.0,45079.999999999985,-582.0000000000146,-655.9999999999854,-1238.0
3,NFYDcF,True,GS,151572.0,197642.0,3.0,46070.0,151269.0,196327.0,45058.0,-1012.0,-303.0,-1315.0
4,NFYDcF,True,GS,201620.0,239054.0,4.0,37434.0,201184.00000000003,237767.00000000003,36583.0,-851.0,-435.9999999999709,-1286.999999999971
5,NFYDcF,True,GS,242794.0,257346.0,5.0,14552.0,242497.0,255924.0,13427.0,-1125.0,-297.0,-1422.0
6,NFYDcF,True,GS,262990.0,280874.0,6.0,17884.0,260632.0,280008.00000000006,19376.00000000006,1492.0000000000582,-2358.0,-865.9999999999418
7,NFYDcF,True,GS,285396.0,306714.0,7.0,21318.0,284867.0,305674.00000000006,20807.00000000006,-510.9999999999418,-529.0,-1039.9999999999418
8,NFYDcF,True,GS,309434.0,338028.0,8.0,28594.0,308205.00000000006,336895.00000000006,28690.0,96.0,-1228.9999999999418,-1132.9999999999418
9,NFYDcF,True,GS,340238.0,397902.0,9.0,57664.0,339196.0,383083.0,43887.0,-13777.0,-1042.0,-14819.0
10,NFYDcF,True,GS,398276.0,410516.0,10.0,12240.0,398578.00000000006,409511.0,10932.999999999942,-1307.0000000000582,302.0000000000582,-1005.0
11,NFYDcF,True,GS,411672.0,420144.0,11.0,8472.0,411783.0,420147.00000000006,8364.000000000058,-107.99999999994179,111.0,3.0000000000582077
0,N62TMP,True,AW,5236.0,37365.0,2.0,32129.0,6023.000000000001,35835.0,29812.0,-2317.0,787.0000000000009,-1530.0
1,N62TMP,True,AW,37366.0,85237.0,3.0,47871.0,39091.0,84183.0,45092.0,-2779.0,1725.0,-1054.0
2,N62TMP,True,AW,89726.0,129471.0,5.0,39745.0,89908.0,127853.00000000001,37945.000000000015,-1799.9999999999854,182.0,-1617.9999999999854
3,N62TMP,True,AW,129472.0,185945.0,6.0,56473.0,132319.00000000003,177370.0,45050.99999999997,-11422.00000000003,2847.000000000029,-8575.0
4,N62TMP,True,AW,197064.0,230757.0,8.0,33693.0,198532.0,229555.0,31023.0,-2670.0,1468.0,-1202.0
5,N62TMP,True,AW,230758.0,279955.0,9.0,49197.0,232396.00000000003,277457.0,45060.99999999997,-4136.000000000029,1638.000000000029,-2498.0
6,N62TMP,True,AW,284852.0,316777.0,11.0,31925.0,283021.0,315489.00000000006,32468.00000000006,543.0000000000582,-1831.0,-1287.9999999999418
7,N62TMP,True,AW,316778.0,366961.0,12.0,50183.0,318307.0,363373.00000000006,45066.00000000006,-5116.999999999942,1529.0,-3587.999999999942
8,N62TMP,True,AW,384064.0,416397.0,14.0,32333.0,384205.00000000006,414024.0,29818.99999999994,-2514.000000000058,141.0000000000582,-2373.0
9,N62TMP,True,AW,416398.0,463623.0,15.0,47225.0,416829.0,461901.0,45072.0,-2153.0,431.0,-1722.0
10,N62TMP,True,AW,468316.0,506667.0,17.0,38351.0,467232.0,505192.0,37960.0,-391.0,-1084.0,-1475.0
11,N62TMP,True,AW,506668.0,552981.0,18.0,46313.0,507804.00000000006,552864.0,45059.99999999994,-1253.0000000000582,1136.0000000000582,-117.0
0,4SYGJG,True,AW,5577.0,39236.0,2.0,33659.0,5526.000000000001,37996.0,32470.0,-1189.0,-50.99999999999909,-1240.0
1,4SYGJG,True,AW,39237.0,86723.0,3.0,47486.0,40705.00000000001,85757.0,45051.99999999999,-2434.0000000000073,1468.0000000000073,-966.0
2,4SYGJG,True,AW,91047.0,123353.0,5.0,32306.0,90899.0,121880.00000000001,30981.000000000015,-1324.9999999999854,-148.0,-1472.9999999999854
3,4SYGJG,True,AW,123354.0,173217.0,6.0,49863.0,124458.00000000001,169502.0,45043.999999999985,-4819.000000000015,1104.0000000000146,-3715.0
4,4SYGJG,True,AW,195525.0,234266.0,8.0,38741.0,195322.0,233270.0,37948.0,-793.0,-203.0,-996.0
5,4SYGJG,True,AW,234267.0,282083.0,9.0,47816.0,235794.0,280887.0,45093.0,-2723.0,1527.0,-1196.0
6,4SYGJG,True,AW,286176.0,318086.0,11.0,31910.0,286053.0,315836.0,29783.0,-2127.0,-123.0,-2250.0
7,4SYGJG,True,AW,318087.0,365078.0,12.0,46991.0,318408.0,363478.0,45070.0,-1921.0,321.0,-1600.0
8,4SYGJG,True,AW,388641.0,425138.0,14.0,36497.0,390569.0,423031.0,32462.0,-4035.0,1928.0,-2107.0
9,4SYGJG,True,AW,425139.0,472757.0,15.0,47618.0,425698.00000000006,470943.00000000006,45245.0,-2373.0,559.0000000000582,-1813.9999999999418
10,4SYGJG,True,AW,477411.0,509783.0,17.0,32372.0,477374.0,508372.0,30998.0,-1374.0,-37.0,-1411.0
11,4SYGJG,True,AW,509784.0,555980.0,18.0,46196.0,510827.00000000006,555866.0,45038.99999999994,-1157.0000000000582,1043.0000000000582,-114.0
0,PN3WdR,True,GS,6290.0,53244.0,0.0,46954.0,7289.000000000001,52391.00000000001,45102.00000000001,-1851.9999999999927,999.0000000000009,-852.9999999999927
1,PN3WdR,True,GS,57868.0,104006.0,1.0,46138.0,57280.0,102385.0,45105.0,-1033.0,-588.0,-1621.0
2,PN3WdR,True,GS,108188.0,130376.0,2.0,22188.0,107545.0,127614.0,20069.0,-2119.0,-643.0,-2762.0
3,PN3WdR,True,GS,133654.0,178942.0,3.0,45288.0,132424.0,177542.0,45118.0,-170.0,-1230.0,-1400.0
4,PN3WdR,True,GS,183566.0,228922.0,4.0,45356.0,182399.0,227515.00000000003,45116.00000000003,-239.9999999999709,-1167.0,-1406.999999999971
5,PN3WdR,True,GS,232900.0,244324.0,5.0,11424.0,232260.00000000003,242333.00000000003,10073.0,-1351.0,-639.9999999999709,-1990.999999999971
6,PN3WdR,True,GS,249356.0,294338.0,6.0,44982.0,247146.00000000003,292270.00000000006,45124.00000000003,142.0000000000291,-2209.999999999971,-2067.999999999942
7,PN3WdR,True,GS,298894.0,341088.0,7.0,42194.0,297189.0,338381.0,41192.0,-1002.0,-1705.0,-2707.0
8,PN3WdR,True,GS,342088.0,390320.0,8.0,48232.0,341697.0,386807.0,45110.0,-3122.0,-391.0,-3513.0
9,PN3WdR,True,GS,391578.0,439416.0,9.0,47838.0,391186.00000000006,436311.00000000006,45125.0,-2713.0,-391.9999999999418,-3104.999999999942
10,PN3WdR,True,GS,440538.0,487050.0,10.0,46512.0,439682.0,484801.00000000006,45119.00000000006,-1392.9999999999418,-856.0,-2248.999999999942
11,PN3WdR,True,GS,488308.0,527816.0,11.0,39508.0,487134.0,525605.0,38471.0,-1037.0,-1174.0,-2211.0
12,PN3WdR,True,GS,542538.0,587588.0,12.0,45050.0,540456.0,585577.0,45121.0,71.0,-2082.0,-2011.0
13,PN3WdR,True,GS,588506.0,628754.0,13.0,40248.0,587801.0,628768.0,40967.0,719.0,-705.0,14.0
0,JYcJHJ,True,AW,5338.0,38045.0,2.0,32707.0,5279.0,36306.00000000001,31027.000000000007,-1679.9999999999927,-59.0,-1738.9999999999927
1,JYcJHJ,True,AW,38046.0,85713.0,3.0,47667.0,39018.0,84081.0,45063.0,-2604.0,972.0,-1632.0
2,JYcJHJ,True,AW,88978.0,120563.0,5.0,31585.0,89345.0,119171.0,29826.0,-1759.0,367.0,-1392.0
3,JYcJHJ,True,AW,120564.0,168469.0,6.0,47905.0,121479.00000000001,166513.0,45033.999999999985,-2871.0000000000146,915.0000000000146,-1956.0
4,JYcJHJ,True,AW,179792.0,214029.0,8.0,34237.0,180036.0,212532.0,32496.0,-1741.0,244.0,-1497.0
5,JYcJHJ,True,AW,214030.0,261017.0,9.0,46987.0,214902.00000000003,259973.0,45070.99999999997,-1916.000000000029,872.0000000000291,-1044.0
6,JYcJHJ,True,AW,265574.0,304333.0,11.0,38759.0,265007.0,302982.0,37975.0,-784.0,-567.0,-1351.0
7,JYcJHJ,True,AW,304334.0,352579.0,12.0,48245.0,305418.0,350499.0,45081.0,-3164.0,1084.0,-2080.0
8,JYcJHJ,True,AW,380494.0,412793.0,14.0,32299.0,380204.0,411216.0,31012.0,-1287.0,-290.0,-1577.0
9,JYcJHJ,True,AW,412794.0,460053.0,15.0,47259.0,413684.0,458742.0,45058.0,-2201.0,890.0,-1311.0
10,JYcJHJ,True,AW,464708.0,495107.0,17.0,30399.0,463819.0,493652.00000000006,29833.00000000006,-565.9999999999418,-889.0,-1454.9999999999418
11,JYcJHJ,True,AW,495108.0,541101.0,18.0,45993.0,495935.00000000006,541003.0,45067.99999999994,-925.0000000000582,827.0000000000582,-98.0
0,McQWFL,True,AW,5508.0,38147.0,2.0,32639.0,6000.0,37017.0,31017.0,-1622.0,492.0,-1130.0
1,McQWFL,True,AW,38148.0,85985.0,3.0,47837.0,39733.00000000001,84825.0,45091.99999999999,-2745.0000000000073,1585.0000000000073,-1160.0
2,McQWFL,True,AW,89964.0,121073.0,5.0,31109.0,89979.0,119808.0,29829.0,-1280.0,15.0,-1265.0
3,McQWFL,True,AW,121074.0,171359.0,6.0,50285.0,122323.00000000001,167389.0,45065.999999999985,-5219.000000000015,1249.0000000000146,-3970.0
4,McQWFL,True,AW,179076.0,213247.0,8.0,34171.0,178395.0,210886.00000000003,32491.00000000003,-1679.999999999971,-681.0,-2360.999999999971
5,McQWFL,True,AW,213248.0,259827.0,9.0,46579.0,213519.0,258603.0,45084.0,-1495.0,271.0,-1224.0
6,McQWFL,True,AW,264452.0,303415.0,11.0,38963.0,263831.0,301800.0,37969.0,-994.0,-621.0,-1615.0
7,McQWFL,True,AW,303416.0,353837.0,12.0,50421.0,304353.0,349456.0,45103.0,-5318.0,937.0,-4381.0
8,McQWFL,True,AW,369892.0,400281.0,14.0,30389.0,368073.00000000006,399078.00000000006,31005.0,616.0,-1818.9999999999418,-1202.9999999999418
9,McQWFL,True,AW,400282.0,447983.0,15.0,47701.0,401618.00000000006,446681.00000000006,45063.0,-2638.0,1336.0000000000582,-1301.9999999999418
10,McQWFL,True,AW,452472.0,482969.0,17.0,30497.0,451775.00000000006,481586.0,29810.99999999994,-686.0000000000582,-696.9999999999418,-1383.0
11,McQWFL,True,AW,482970.0,529101.0,18.0,46131.0,483919.00000000006,528976.0,45056.99999999994,-1074.0000000000582,949.0000000000582,-125.0
0,KDTDKK,True,AW,6402.0,37817.0,2.0,31415.0,4978.000000000001,34760.00000000001,29782.000000000007,-1632.9999999999927,-1423.999999999999,-3056.9999999999927
1,KDTDKK,True,AW,37818.0,84611.0,3.0,46793.0,37050.00000000001,82092.0,45041.99999999999,-1751.0000000000073,-767.9999999999927,-2519.0
2,KDTDKK,True,AW,88902.0,127709.0,5.0,38807.0,86955.00000000001,124892.00000000001,37937.0,-870.0,-1946.9999999999854,-2816.9999999999854
3,KDTDKK,True,AW,127710.0,177209.0,6.0,49499.0,127077.00000000001,172108.0,45030.999999999985,-4468.000000000015,-632.9999999999854,-5101.0
4,KDTDKK,True,AW,185031.0,219614.0,8.0,34583.0,183150.0,214141.00000000003,30991.00000000003,-3591.999999999971,-1881.0,-5472.999999999971
5,KDTDKK,True,AW,219615.0,263900.0,9.0,44285.0,216302.00000000003,261332.0,45029.99999999997,744.9999999999709,-3312.999999999971,-2568.0
6,KDTDKK,True,AW,268257.0,302642.0,11.0,34385.0,266166.0,298622.0,32456.0,-1929.0,-2091.0,-4020.0
7,KDTDKK,True,AW,302643.0,342572.0,12.0,39929.0,300751.00000000006,345801.00000000006,45050.0,5121.0,-1891.9999999999418,3229.000000000058
0,F3dcEJ,False,AW,6086.0,106283.0,2.0,100197.0,71317.0,101159.0,29842.0,-70355.0,65231.0,-5124.0
1,F3dcEJ,False,AW,106284.0,221509.0,3.0,115225.0,174543.0,219619.0,45076.0,-70149.0,68259.0,-1890.0
0,Y34LC3,True,GS,7004.0,53210.0,0.0,46206.0,6987.0,52074.00000000001,45087.00000000001,-1118.9999999999927,-17.0,-1135.9999999999927
1,Y34LC3,True,GS,57120.0,102748.0,1.0,45628.0,56703.0,101787.0,45084.0,-544.0,-417.0,-961.0
2,Y34LC3,True,GS,107066.0,152796.0,2.0,45730.0,106694.0,151763.0,45069.0,-661.0,-372.0,-1033.0
3,Y34LC3,True,GS,156672.0,171122.0,3.0,14450.0,156409.00000000003,169722.0,13312.99999999997,-1137.000000000029,-262.9999999999709,-1400.0
4,Y34LC3,True,GS,174726.0,189550.0,4.0,14824.0,174616.0,187911.0,13295.0,-1529.0,-110.0,-1639.0
5,Y34LC3,True,GS,192712.0,238714.0,5.0,46002.0,192531.0,237598.0,45067.0,-935.0,-181.0,-1116.0
6,Y34LC3,True,GS,242556.0,288830.0,6.0,46274.0,242676.00000000003,287758.00000000006,45082.00000000003,-1191.999999999971,120.0000000000291,-1071.9999999999418
7,Y34LC3,True,GS,293046.0,331602.0,7.0,38556.0,292440.0,330815.0,38375.0,-181.0,-606.0,-787.0
8,Y34LC3,True,GS,333166.0,355878.0,8.0,22712.0,333641.0,355408.0,21767.0,-945.0,475.0,-470.0
9,Y34LC3,True,GS,357238.0,364446.0,9.0,7208.0,357672.0,364088.0,6416.0,-792.0,434.0,-358.0
10,Y34LC3,True,GS,366180.0,377332.0,10.0,11152.0,366018.0,377155.00000000006,11137.000000000058,-14.999999999941792,-162.0,-176.9999999999418
11,Y34LC3,True,GS,379270.0,388960.0,11.0,9690.0,379103.0,388224.00000000006,9121.000000000058,-568.9999999999418,-167.0,-735.9999999999418
12,Y34LC3,True,GS,404804.0,418000.0,12.0,13196.0,403301.00000000006,417352.00000000006,14051.0,855.0,-1502.9999999999418,-647.9999999999418
13,Y34LC3,True,GS,419594.0,441321.0,13.0,21727.0,419648.0,441236.00000000006,21588.00000000006,-138.9999999999418,54.0,-84.99999999994179
0,5R7JdZ,True,AW,5609.0,38907.0,2.0,33298.0,6108.000000000001,37170.0,31062.0,-2236.0,499.0000000000009,-1737.0
1,5R7JdZ,True,AW,38908.0,86974.0,3.0,48066.0,40145.0,85235.0,45090.0,-2976.0,1237.0,-1739.0
2,5R7JdZ,True,AW,90596.0,125669.0,5.0,35073.0,94259.0,124074.00000000001,29815.000000000015,-5257.999999999985,3663.0,-1594.9999999999854
3,5R7JdZ,True,AW,125670.0,175724.0,6.0,50054.0,126839.00000000001,171929.0,45089.999999999985,-4964.000000000015,1169.0000000000146,-3795.0
4,5R7JdZ,True,AW,183038.0,217401.0,8.0,34363.0,183146.00000000003,215650.0,32503.99999999997,-1859.000000000029,108.0000000000291,-1751.0
5,5R7JdZ,True,AW,217402.0,265468.0,9.0,48066.0,218497.0,263691.00000000006,45194.00000000006,-2871.999999999942,1095.0,-1776.9999999999418
6,5R7JdZ,True,AW,269690.0,309665.0,11.0,39975.0,269816.00000000006,307810.0,37993.99999999994,-1981.0000000000582,126.00000000005821,-1855.0
7,5R7JdZ,True,AW,309666.0,363519.0,12.0,53853.0,310664.00000000006,355806.00000000006,45142.0,-8711.0,998.0000000000582,-7712.999999999942
8,5R7JdZ,True,AW,377720.0,410095.0,14.0,32375.0,377456.0,408478.0,31022.0,-1353.0,-264.0,-1617.0
9,5R7JdZ,True,AW,410096.0,458233.0,15.0,48137.0,411346.0,456463.0,45117.0,-3020.0,1250.0,-1770.0
10,5R7JdZ,True,AW,462240.0,493307.0,17.0,31067.0,461946.0,491802.0,29856.0,-1211.0,-294.0,-1505.0
11,5R7JdZ,True,AW,493308.0,539541.0,18.0,46233.0,494467.00000000006,539559.0000000001,45092.00000000006,-1140.9999999999418,1159.0000000000582,18.000000000116415
0,SYXKGT,True,AW,4862.0,37399.0,2.0,32537.0,5372.000000000001,36357.0,30985.0,-1552.0,510.0000000000009,-1042.0
1,SYXKGT,True,AW,37400.0,85883.0,3.0,48483.0,39139.0,84177.0,45038.0,-3445.0,1739.0,-1706.0
2,SYXKGT,True,AW,89488.0,120427.0,5.0,30939.0,89367.0,119153.0,29786.0,-1153.0,-121.0,-1274.0
3,SYXKGT,True,AW,120428.0,169863.0,6.0,49435.0,121657.00000000001,166684.0,45026.999999999985,-4408.000000000015,1229.0000000000146,-3179.0
4,SYXKGT,True,AW,175882.0,209915.0,8.0,34033.0,176330.0,208768.0,32438.0,-1595.0,448.0,-1147.0
5,SYXKGT,True,AW,209916.0,257617.0,9.0,47701.0,211397.00000000003,256441.00000000003,45044.0,-2657.0,1481.000000000029,-1175.999999999971
6,SYXKGT,True,AW,261320.0,301035.0,11.0,39715.0,261645.00000000003,299583.0,37937.99999999997,-1777.000000000029,325.0000000000291,-1452.0
7,SYXKGT,True,AW,301036.0,351049.0,12.0,50013.0,302169.00000000006,347236.00000000006,45067.0,-4946.0,1133.0000000000582,-3812.999999999942
8,SYXKGT,True,AW,367982.0,400349.0,14.0,32367.0,367849.00000000006,398832.00000000006,30983.0,-1384.0,-132.9999999999418,-1516.9999999999418
9,SYXKGT,True,AW,400350.0,447575.0,15.0,47225.0,401442.0,446516.0,45074.0,-2151.0,1092.0,-1059.0
10,SYXKGT,True,AW,451554.0,482731.0,17.0,31177.0,451549.00000000006,481345.0,29795.99999999994,-1381.0000000000582,-4.999999999941792,-1386.0
11,SYXKGT,True,AW,482732.0,528860.0,18.0,46128.0,483715.00000000006,528764.0,45048.99999999994,-1079.0000000000582,983.0000000000582,-96.0
0,SdF62S,False,GS,4930.0,50932.0,0.0,46002.0,5025.0,50069.0,45044.0,-958.0,95.0,-863.0
1,SdF62S,False,GS,55080.0,100368.0,1.0,45288.0,54722.0,99770.00000000001,45048.000000000015,-239.99999999998545,-358.0,-597.9999999999854
2,SdF62S,False,GS,104584.0,150620.0,2.0,46036.0,104471.0,149516.00000000003,45045.00000000003,-990.9999999999709,-113.0,-1103.999999999971
3,SdF62S,False,GS,154768.0,200022.0,3.0,45254.0,154196.0,199242.00000000003,45046.00000000003,-207.9999999999709,-572.0,-779.9999999999709
4,SdF62S,False,GS,204068.0,249832.0,4.0,45764.0,203918.0,248962.00000000003,45044.00000000003,-719.9999999999709,-150.0,-869.9999999999709
5,SdF62S,False,GS,253810.0,289408.0,5.0,35598.0,253559.00000000003,288292.00000000006,34733.00000000003,-864.9999999999709,-250.9999999999709,-1115.9999999999418
6,SdF62S,False,GS,293080.0,311950.0,6.0,18870.0,293001.00000000006,310781.0,17779.99999999994,-1090.0000000000582,-78.99999999994179,-1169.0
7,SdF62S,False,GS,315792.0,357102.0,7.0,41310.0,315405.00000000006,356084.0,40678.99999999994,-631.0000000000582,-386.9999999999418,-1018.0
8,SdF62S,False,GS,358598.0,367662.0,8.0,9064.0,358487.0,367129.0,8642.0,-422.0,-111.0,-533.0
9,SdF62S,False,GS,369240.0,378474.0,9.0,9234.0,369262.0,378327.0,9065.0,-169.0,22.0,-147.0
10,SdF62S,False,GS,379950.0,389694.0,10.0,9744.0,380317.0,389520.00000000006,9203.000000000058,-540.9999999999418,367.0,-173.9999999999418
11,SdF62S,False,GS,391136.0,413848.0,11.0,22712.0,391515.00000000006,412385.00000000006,20870.0,-1842.0,379.0000000000582,-1462.9999999999418
12,SdF62S,False,GS,433738.0,469000.0,12.0,35262.0,433745.0,438626.00000000006,4881.000000000058,-30380.99999999994,7.0,-30373.99999999994
13,SdF62S,False,GS,471104.0,479781.0,13.0,8677.0,456511.0,468542.00000000006,12031.000000000058,3354.000000000058,-14593.0,-11238.999999999942
0,3GSKJ5,False,GS,5712.0,52360.0,0.0,46648.0,5697.0,50751.00000000001,45054.00000000001,-1593.9999999999927,-15.0,-1608.9999999999927
1,3GSKJ5,False,GS,55794.0,100000.0,1.0,44206.0,55370.00000000001,98815.00000000001,43445.00000000001,-760.9999999999927,-423.9999999999927,-1184.9999999999854
2,3GSKJ5,False,GS,103972.0,129234.0,2.0,25262.0,103523.00000000001,127507.0,23983.999999999985,-1278.0000000000146,-448.99999999998545,-1727.0
3,3GSKJ5,False,GS,132328.0,154394.0,3.0,22066.0,132126.0,153574.0,21448.0,-618.0,-202.0,-820.0
4,3GSKJ5,False,GS,158644.0,196656.0,4.0,38012.0,158166.0,180154.00000000003,21988.00000000003,-16023.99999999997,-478.0,-16501.99999999997
5,3GSKJ5,False,GS,199920.0,221136.0,5.0,21216.0,184725.00000000003,195135.00000000003,10410.0,-10806.0,-15194.99999999997,-26000.99999999997
6,3GSKJ5,False,GS,221986.0,237898.0,6.0,15912.0,199853.0,219502.0,19649.0,3737.0,-22133.0,-18396.0
7,3GSKJ5,False,GS,239326.0,253130.0,7.0,13804.0,222185.0,237067.0,14882.0,1078.0,-17141.0,-16063.0
8,3GSKJ5,False,GS,262582.0,274074.0,8.0,11492.0,239171.00000000003,251707.00000000003,12536.0,1044.0,-23410.99999999997,-22366.99999999997
9,3GSKJ5,False,GS,274720.0,284020.0,9.0,9300.0,262637.0,272582.0,9945.0,645.0,-12083.0,-11438.0
0,W6NCHB,True,GS,5712.0,40038.0,0.0,34326.0,5791.0,38237.0,32446.0,-1880.0,79.0,-1801.0
1,W6NCHB,True,GS,41038.0,87346.0,1.0,46308.0,41285.00000000001,86338.00000000001,45053.00000000001,-1254.9999999999927,247.00000000000728,-1007.9999999999854
2,W6NCHB,True,GS,91120.0,122760.0,2.0,31640.0,91832.00000000001,122797.00000000001,30965.0,-675.0,712.0000000000146,37.00000000001455
3,W6NCHB,True,GS,124474.0,171258.0,3.0,46784.0,125268.00000000001,170312.0,45043.999999999985,-1740.0000000000146,794.0000000000146,-946.0
4,W6NCHB,True,GS,184076.0,223380.0,4.0,39304.0,184489.0,222415.00000000003,37926.00000000003,-1377.999999999971,413.0,-964.9999999999709
5,W6NCHB,True,GS,224230.0,271150.0,5.0,46920.0,225207.00000000003,270264.0,45056.99999999997,-1863.000000000029,977.0000000000291,-886.0
6,W6NCHB,True,GS,275060.0,306034.0,6.0,30974.0,275367.0,305137.0,29770.0,-1204.0,307.0,-897.0
7,W6NCHB,True,GS,306816.0,353566.0,7.0,46750.0,307582.0,352656.0,45074.0,-1676.0,766.0,-910.0
0,3UUGUc,True,AW,5270.0,36889.0,2.0,31619.0,5389.0,35211.00000000001,29822.000000000007,-1796.9999999999927,119.0,-1677.9999999999927
1,3UUGUc,True,AW,36890.0,84251.0,3.0,47361.0,37921.0,82979.0,45058.0,-2303.0,1031.0,-1272.0
2,3UUGUc,True,AW,88230.0,127227.0,5.0,38997.0,88185.0,126136.00000000001,37951.000000000015,-1045.9999999999854,-45.0,-1090.9999999999854
3,3UUGUc,True,AW,127228.0,178134.0,6.0,50906.0,128644.0,173687.0,45043.0,-5863.0,1416.0,-4447.0
4,3UUGUc,True,AW,182784.0,214879.0,8.0,32095.0,182868.00000000003,213893.0,31024.99999999997,-1070.000000000029,84.0000000000291,-986.0
5,3UUGUc,True,AW,214880.0,263533.0,9.0,48653.0,216536.0,261588.00000000003,45052.00000000003,-3600.999999999971,1656.0,-1944.999999999971
6,3UUGUc,True,AW,266900.0,300933.0,11.0,34033.0,266821.0,299299.00000000006,32478.00000000006,-1554.9999999999418,-79.0,-1633.9999999999418
7,3UUGUc,True,AW,300934.0,350539.0,12.0,49605.0,301745.0,346811.00000000006,45066.00000000006,-4538.999999999942,811.0,-3727.999999999942
0,74cEPQ,True,GS,5202.0,50000.0,0.0,44798.0,5419.000000000001,50480.00000000001,45061.00000000001,263.0000000000073,217.0000000000009,480.0000000000073
1,74cEPQ,True,GS,55624.0,100490.0,1.0,44866.0,55136.0,100182.0,45046.0,180.0,-488.0,-308.0
2,74cEPQ,True,GS,105196.0,150504.0,2.0,45308.0,105015.0,150070.00000000003,45055.00000000003,-252.9999999999709,-181.0,-433.9999999999709
3,74cEPQ,True,GS,155176.0,207635.0,3.0,52459.0,155046.00000000003,200115.0,45068.99999999997,-7390.000000000029,-129.9999999999709,-7520.0
4,74cEPQ,True,GS,212228.0,228874.0,4.0,16646.0,211930.0,228360.0,16430.0,-216.0,-298.0,-514.0
5,74cEPQ,True,GS,233376.0,279106.0,5.0,45730.0,232882.0,277932.0,45050.0,-680.0,-494.0,-1174.0
6,74cEPQ,True,GS,282846.0,306918.0,6.0,24072.0,282695.0,306464.0,23769.0,-303.0,-151.0,-454.0
7,74cEPQ,True,GS,311304.0,317356.0,7.0,6052.0,311095.0,317336.0,6241.0,189.0,-209.0,-20.0
8,74cEPQ,True,GS,319532.0,348636.0,8.0,29104.0,320814.0,347972.00000000006,27158.00000000006,-1945.9999999999418,1282.0,-663.9999999999418
9,74cEPQ,True,GS,349826.0,359448.0,9.0,9622.0,350870.0,358738.0,7868.0,-1754.0,1044.0,-710.0
10,74cEPQ,True,GS,360468.0,376584.0,10.0,16116.0,360793.0,376349.00000000006,15556.000000000058,-559.9999999999418,325.0,-234.9999999999418
11,74cEPQ,True,GS,377978.0,385730.0,11.0,7752.0,378342.00000000006,385425.0,7082.999999999942,-669.0000000000582,364.0000000000582,-305.0
12,74cEPQ,True,GS,396950.0,413032.0,12.0,16082.0,397753.00000000006,412297.0,14543.999999999942,-1538.0000000000582,803.0000000000582,-735.0
13,74cEPQ,True,GS,413916.0,423501.0,13.0,9585.0,414475.0,423519.0,9044.0,-541.0,559.0,18.0
0,3JRZDR,True,GS,6800.0,55960.0,0.0,49160.0,8448.0,53642.0,45194.0,-3966.0,1648.0,-2318.0
1,3JRZDR,True,GS,59640.0,105960.0,1.0,46320.0,59215.0,104408.0,45193.0,-1127.0,-425.0,-1552.0
2,3JRZDR,True,GS,110680.0,156880.0,2.0,46200.0,110219.00000000001,155410.0,45190.999999999985,-1009.0000000000146,-460.99999999998545,-1470.0
3,3JRZDR,True,GS,160920.0,208160.0,3.0,47240.0,161407.0,206626.0,45219.0,-2021.0,487.0,-1534.0
4,3JRZDR,True,GS,212560.0,226520.0,4.0,13960.0,212223.0,224057.00000000003,11834.00000000003,-2125.999999999971,-337.0,-2462.999999999971
5,3JRZDR,True,GS,229720.0,237920.0,5.0,8200.0,229110.0,235568.0,6458.0,-1742.0,-610.0,-2352.0
6,3JRZDR,True,GS,241400.0,268720.0,6.0,27320.0,240941.0,266467.00000000006,25526.00000000006,-1793.9999999999418,-459.0,-2252.999999999942
7,3JRZDR,True,GS,270280.0,309000.0,7.0,38720.0,270243.0,308344.0,38101.0,-619.0,-37.0,-656.0
8,3JRZDR,True,GS,311240.0,334520.0,8.0,23280.0,311001.00000000006,333491.00000000006,22490.0,-790.0,-238.9999999999418,-1028.9999999999418
0,PQ3UB2,True,GS,6169.0,52262.0,0.0,46093.0,5288.0,50369.0,45081.0,-1012.0,-881.0,-1893.0
1,PQ3UB2,True,GS,56168.0,102232.0,1.0,46064.0,55188.0,100285.00000000001,45097.000000000015,-966.9999999999854,-980.0,-1946.9999999999854
2,PQ3UB2,True,GS,107752.0,151985.0,2.0,44233.0,105364.0,150447.0,45083.0,850.0,-2388.0,-1538.0
3,PQ3UB2,True,GS,156416.0,191436.0,3.0,35020.0,155333.0,187122.0,31789.0,-3231.0,-1083.0,-4314.0
4,PQ3UB2,True,GS,194342.0,206283.0,4.0,11941.0,192148.00000000003,204799.0,12650.99999999997,709.9999999999709,-2193.999999999971,-1484.0
5,PQ3UB2,True,GS,210709.0,222000.0,5.0,11291.0,209639.0,219285.00000000003,9646.00000000003,-1644.999999999971,-1070.0,-2714.999999999971
6,PQ3UB2,True,GS,225865.0,239008.0,6.0,13143.0,224156.0,237062.0,12906.0,-237.0,-1709.0,-1946.0
7,PQ3UB2,True,GS,240315.0,287291.0,7.0,46976.0,239776.0,284866.00000000006,45090.00000000006,-1885.9999999999418,-539.0,-2424.999999999942
8,PQ3UB2,True,GS,288408.0,309025.0,8.0,20617.0,287457.0,306980.0,19523.0,-1094.0,-951.0,-2045.0
0,HZ53AC,True,GS,7100.0,52611.0,0.0,45511.0,6905.0,52032.0,45127.0,-384.0,-195.0,-579.0
1,HZ53AC,True,GS,57439.0,102950.0,1.0,45511.0,56911.0,102094.00000000001,45183.000000000015,-327.99999999998545,-528.0,-855.9999999999854
2,HZ53AC,True,GS,107281.0,153076.0,2.0,45795.0,107250.0,152382.0,45132.0,-663.0,-31.0,-694.0
3,HZ53AC,True,GS,157265.0,203060.0,3.0,45795.0,157211.0,202414.00000000003,45203.00000000003,-591.9999999999709,-54.0,-645.9999999999709
4,HZ53AC,True,GS,207746.0,253683.0,4.0,45937.0,207693.0,252808.00000000003,45115.00000000003,-821.9999999999709,-53.0,-874.9999999999709
5,HZ53AC,True,GS,257801.0,301040.0,5.0,43239.0,257684.00000000003,300249.0,42564.99999999997,-674.0000000000291,-116.9999999999709,-791.0
6,HZ53AC,True,GS,305442.0,317086.0,6.0,11644.0,305613.0,316634.0,11021.0,-623.0,171.0,-452.0
7,HZ53AC,True,GS,321559.0,336469.0,7.0,14910.0,321562.0,335616.00000000006,14054.000000000058,-855.9999999999418,3.0,-852.9999999999418
8,HZ53AC,True,GS,337676.0,384601.0,8.0,46925.0,339056.00000000006,384247.0,45190.99999999994,-1734.0000000000582,1380.0000000000582,-354.0
9,HZ53AC,True,GS,386240.0,409954.0,9.0,23714.0,386922.0,409833.0,22911.0,-803.0,682.0,-121.0
